<?xml version="1.0" encoding="UTF-8" ?>
<XMLDB PATH="mod/tab/db" VERSION="20110712" COMMENT="XMLDB file for Moodle mod/tab"
    xmlns:xsi="http://www.w3.org/2001/XMLSchema-instance"
    xsi:noNamespaceSchemaLocation="../../../lib/xmldb/xmldb.xsd"
>
  <TABLES>
    <TABLE NAME="tab" COMMENT="Defines labels" NEXT="tab_content">
      <FIELDS>
        <FIELD NAME="id" TYPE="int" LENGTH="10" NOTNULL="true" UNSIGNED="true" SEQUENCE="true" NEXT="course"/>
        <FIELD NAME="course" TYPE="int" LENGTH="10" NOTNULL="true" UNSIGNED="true" DEFAULT="0" SEQUENCE="false" PREVIOUS="id" NEXT="name"/>
        <FIELD NAME="name" TYPE="char" LENGTH="255" NOTNULL="false" SEQUENCE="false" PREVIOUS="course" NEXT="css"/>
        <FIELD NAME="css" TYPE="text" LENGTH="big" NOTNULL="false" SEQUENCE="false" PREVIOUS="name" NEXT="menucss"/>
        <FIELD NAME="menucss" TYPE="text" LENGTH="big" NOTNULL="false" SEQUENCE="false" PREVIOUS="css" NEXT="displaymenu"/>
        <FIELD NAME="displaymenu" TYPE="int" LENGTH="1" NOTNULL="true" UNSIGNED="true" DEFAULT="0" SEQUENCE="false" PREVIOUS="menucss" NEXT="menuname"/>
        <FIELD NAME="menuname" TYPE="char" LENGTH="255" NOTNULL="false" SEQUENCE="false" PREVIOUS="displaymenu" NEXT="taborder"/>
        <FIELD NAME="taborder" TYPE="int" LENGTH="4" NOTNULL="true" UNSIGNED="true" DEFAULT="1" SEQUENCE="false" PREVIOUS="menuname" NEXT="legacyfiles"/>
        <FIELD NAME="legacyfiles" TYPE="int" LENGTH="4" NOTNULL="true" UNSIGNED="true" DEFAULT="0" SEQUENCE="false" PREVIOUS="taborder" NEXT="legacyfileslast"/>
        <FIELD NAME="legacyfileslast" TYPE="int" LENGTH="10" NOTNULL="false" UNSIGNED="true" SEQUENCE="false" PREVIOUS="legacyfiles" NEXT="timemodified"/>
        <FIELD NAME="timemodified" TYPE="int" LENGTH="10" NOTNULL="true" UNSIGNED="true" DEFAULT="0" SEQUENCE="false" PREVIOUS="legacyfileslast"/>
      </FIELDS>
      <KEYS>
        <KEY NAME="primary" TYPE="primary" FIELDS="id"/>
      </KEYS>
      <INDEXES>
        <INDEX NAME="course" UNIQUE="false" FIELDS="course"/>
      </INDEXES>
    </TABLE>
    <TABLE NAME="tab_content" COMMENT="Contents and tabs" PREVIOUS="tab">
      <FIELDS>
        <FIELD NAME="id" TYPE="int" LENGTH="10" NOTNULL="true" UNSIGNED="true" SEQUENCE="true" NEXT="tabid"/>
        <FIELD NAME="tabid" TYPE="int" LENGTH="10" NOTNULL="true" UNSIGNED="true" DEFAULT="0" SEQUENCE="false" PREVIOUS="id" NEXT="tabname"/>
        <FIELD NAME="tabname" TYPE="char" LENGTH="255" NOTNULL="false" SEQUENCE="false" PREVIOUS="tabid" NEXT="tabcontent"/>
        <FIELD NAME="tabcontent" TYPE="text" LENGTH="big" NOTNULL="false" SEQUENCE="false" PREVIOUS="tabname" NEXT="tabcontentorder"/>
        <FIELD NAME="tabcontentorder" TYPE="int" LENGTH="2" NOTNULL="false" UNSIGNED="true" DEFAULT="1" SEQUENCE="false" COMMENT="Determines what order the tabs are displayed" PREVIOUS="tabcontent" NEXT="externalurl"/>
        <FIELD NAME="externalurl" TYPE="char" LENGTH="255" NOTNULL="false" SEQUENCE="false" PREVIOUS="tabcontentorder" NEXT="contentformat"/>
        <FIELD NAME="contentformat" TYPE="int" LENGTH="4" NOTNULL="true" UNSIGNED="true" DEFAULT="0" SEQUENCE="false" COMMENT="New editor value" PREVIOUS="externalurl" NEXT="timemodified"/>
        <FIELD NAME="timemodified" TYPE="int" LENGTH="10" NOTNULL="true" UNSIGNED="true" DEFAULT="0" SEQUENCE="false" PREVIOUS="contentformat"/>
      </FIELDS>
      <KEYS>
        <KEY NAME="primary" TYPE="primary" FIELDS="id" NEXT="tabid"/>
        <KEY NAME="tabid" TYPE="foreign" FIELDS="tabid" REFTABLE="tab" REFFIELDS="id" PREVIOUS="primary"/>
      </KEYS>
    </TABLE>
  </TABLES>
</XMLDB>