<?xml version="1.0" encoding="UTF-8" ?>
<XMLDB PATH="question/type/order/db" VERSION="2011080900" COMMENT="XMLDB file for Moodle question/type/order">
  <TABLES>
    <TABLE NAME="question_order" COMMENT="Defines fixed ordering questions" NEXT="question_order_sub">
      <FIELDS>
        <FIELD NAME="id" TYPE="int" LENGTH="10" NOTNULL="true" UNSIGNED="true" SEQUENCE="true" ENUM="false" NEXT="question"/>
        <FIELD NAME="question" TYPE="int" LENGTH="10" NOTNULL="true" UNSIGNED="true" DEFAULT="0" SEQUENCE="false" ENUM="false" PREVIOUS="id" NEXT="subquestions"/>
        <FIELD NAME="subquestions" TYPE="char" LENGTH="255" NOTNULL="true" SEQUENCE="false" ENUM="false" PREVIOUS="question" NEXT="horizontal"/>
        <FIELD NAME="horizontal" TYPE="int" LENGTH="4" NOTNULL="true" UNSIGNED="false" DEFAULT="0" SEQUENCE="false" ENUM="false" PREVIOUS="subquestions" NEXT="gradingmethod"/>
        <FIELD NAME="gradingmethod" TYPE="char" LENGTH="255" NOTNULL="true" UNSIGNED="false" DEFAULT="0" SEQUENCE="false" ENUM="false" PREVIOUS="horizontal" NEXT="correctfeedback"/>
        <FIELD NAME="correctfeedback" TYPE="text" LENGTH="small" NOTNULL="true" SEQUENCE="false" COMMENT="Feedback shown for any correct response." PREVIOUS="gradingmethod" NEXT="correctfeedbackformat"/>
        <FIELD NAME="correctfeedbackformat" TYPE="int" LENGTH="2" NOTNULL="true" UNSIGNED="false" DEFAULT="0" SEQUENCE="false" PREVIOUS="correctfeedback" NEXT="partiallycorrectfeedback"/>
        <FIELD NAME="partiallycorrectfeedback" TYPE="text" LENGTH="small" NOTNULL="true" SEQUENCE="false" COMMENT="Feedback shown for any partially correct response." PREVIOUS="correctfeedbackformat" NEXT="partiallycorrectfeedbackformat"/>
        <FIELD NAME="partiallycorrectfeedbackformat" TYPE="int" LENGTH="2" NOTNULL="true" UNSIGNED="false" DEFAULT="0" SEQUENCE="false" PREVIOUS="partiallycorrectfeedback" NEXT="incorrectfeedback"/>
        <FIELD NAME="incorrectfeedback" TYPE="text" LENGTH="small" NOTNULL="true" SEQUENCE="false" COMMENT="Feedback shown for any incorrect response." PREVIOUS="partiallycorrectfeedbackformat" NEXT="incorrectfeedbackformat"/>
        <FIELD NAME="incorrectfeedbackformat" TYPE="int" LENGTH="2" NOTNULL="true" UNSIGNED="false" DEFAULT="0" SEQUENCE="false" PREVIOUS="incorrectfeedback" NEXT="shownumcorrect"/>
        <FIELD NAME="shownumcorrect" TYPE="int" LENGTH="2" NOTNULL="true" UNSIGNED="false" DEFAULT="0" SEQUENCE="false" COMMENT="If true, then when the user gets a multiple-response question partially correct, tell them how many choices they got correct alongside the feedback." PREVIOUS="incorrectfeedbackformat"/>
      </FIELDS>
      <KEYS>
        <KEY NAME="primary" TYPE="primary" FIELDS="id" COMMENT="Primary key for question_order" NEXT="question"/>
        <KEY NAME="question" TYPE="foreign" FIELDS="question" REFTABLE="questions" REFFIELDS="id" PREVIOUS="primary"/>
      </KEYS>
    </TABLE>
    <TABLE NAME="question_order_sub" COMMENT="Defines the subquestions that make up an ordering question" PREVIOUS="question_order">
      <FIELDS>
        <FIELD NAME="id" TYPE="int" LENGTH="10" NOTNULL="true" UNSIGNED="true" SEQUENCE="true" ENUM="false" NEXT="code"/>
        <FIELD NAME="code" TYPE="int" LENGTH="10" NOTNULL="true" UNSIGNED="true" DEFAULT="0" SEQUENCE="false" ENUM="false" COMMENT="Should this point to parent question_order-&amp;gt;id ?" PREVIOUS="id" NEXT="question"/>
        <FIELD NAME="question" TYPE="int" LENGTH="10" NOTNULL="true" UNSIGNED="true" DEFAULT="0" SEQUENCE="false" ENUM="false" PREVIOUS="code" NEXT="questiontext"/>
        <FIELD NAME="questiontext" TYPE="text" LENGTH="small" NOTNULL="true" SEQUENCE="false" ENUM="false" PREVIOUS="question" NEXT="questiontextformat"/>
        <FIELD NAME="questiontextformat" TYPE="int" LENGTH="2" NOTNULL="true" UNSIGNED="false" DEFAULT="0" SEQUENCE="false" PREVIOUS="questiontext" NEXT="answertext"/>
        <FIELD NAME="answertext" TYPE="char" LENGTH="255" NOTNULL="true" SEQUENCE="false" ENUM="false" PREVIOUS="questiontextformat"/>
      </FIELDS>
      <KEYS>
        <KEY NAME="primary" TYPE="primary" FIELDS="id" COMMENT="Primary key for question_order_sub" NEXT="question"/>
        <KEY NAME="question" TYPE="foreign" FIELDS="question" REFTABLE="questions" REFFIELDS="id" PREVIOUS="primary"/>
      </KEYS>
    </TABLE>
  </TABLES>
</XMLDB>
