<?xml version="1.0" encoding="UTF-8" ?>
<XMLDB PATH="question/type/ddwtos/db" VERSION="20080909" COMMENT="XMLDB file for Moodle question/type/ddwtos"
    xmlns:xsi="http://www.w3.org/2001/XMLSchema-instance"
    xsi:noNamespaceSchemaLocation="../../../../lib/xmldb/xmldb.xsd"
>
  <TABLES>
    <TABLE NAME="question_ddwtos" COMMENT="Defines drag and drop (words into sentences) questions">
      <FIELDS>
        <FIELD NAME="id" TYPE="int" LENGTH="10" NOTNULL="true" UNSIGNED="true" SEQUENCE="true" ENUM="false" NEXT="questionid"/>
        <FIELD NAME="questionid" TYPE="int" LENGTH="10" NOTNULL="true" UNSIGNED="true" DEFAULT="0" SEQUENCE="false" ENUM="false" PREVIOUS="id" NEXT="shuffleanswers"/>
        <FIELD NAME="shuffleanswers" TYPE="int" LENGTH="4" NOTNULL="true" UNSIGNED="true" DEFAULT="1" SEQUENCE="false" ENUM="false" PREVIOUS="questionid" NEXT="correctfeedback"/>
        <FIELD NAME="correctfeedback" TYPE="text" LENGTH="small" NOTNULL="true" SEQUENCE="false" COMMENT="Feedback shown for any correct response." PREVIOUS="shuffleanswers" NEXT="correctfeedbackformat"/>
        <FIELD NAME="correctfeedbackformat" TYPE="int" LENGTH="2" NOTNULL="true" UNSIGNED="false" DEFAULT="0" SEQUENCE="false" PREVIOUS="correctfeedback" NEXT="partiallycorrectfeedback"/>
        <FIELD NAME="partiallycorrectfeedback" TYPE="text" LENGTH="small" NOTNULL="true" SEQUENCE="false" COMMENT="Feedback shown for any partially correct response." PREVIOUS="correctfeedbackformat" NEXT="partiallycorrectfeedbackformat"/>
        <FIELD NAME="partiallycorrectfeedbackformat" TYPE="int" LENGTH="2" NOTNULL="true" UNSIGNED="false" DEFAULT="0" SEQUENCE="false" PREVIOUS="partiallycorrectfeedback" NEXT="incorrectfeedback"/>
        <FIELD NAME="incorrectfeedback" TYPE="text" LENGTH="small" NOTNULL="true" SEQUENCE="false" COMMENT="Feedback shown for any incorrect response." PREVIOUS="partiallycorrectfeedbackformat" NEXT="incorrectfeedbackformat"/>
        <FIELD NAME="incorrectfeedbackformat" TYPE="int" LENGTH="2" NOTNULL="true" UNSIGNED="false" DEFAULT="0" SEQUENCE="false" PREVIOUS="incorrectfeedback" NEXT="shownumcorrect"/>
        <FIELD NAME="shownumcorrect" TYPE="int" LENGTH="2" NOTNULL="true" UNSIGNED="true" DEFAULT="0" SEQUENCE="false" PREVIOUS="incorrectfeedbackformat"/>
      </FIELDS>
      <KEYS>
        <KEY NAME="primary" TYPE="primary" FIELDS="id" NEXT="questionid"/>
        <KEY NAME="questionid" TYPE="foreign" FIELDS="questionid" REFTABLE="question" REFFIELDS="id" PREVIOUS="primary"/>
      </KEYS>
    </TABLE>
  </TABLES>
</XMLDB>