<?xml version="1.0" encoding="UTF-8" ?>
<XMLDB PATH="mod/hotquestion/db" VERSION="20100708" COMMENT="XMLDB file for Moodle mod/hotquestion"
    xmlns:xsi="http://www.w3.org/2001/XMLSchema-instance"
    xsi:noNamespaceSchemaLocation="../../../lib/xmldb/xmldb.xsd"
>
  <TABLES>
    <TABLE NAME="hotquestion" COMMENT="Default comment for hotquestion, please edit me" NEXT="hotquestion_questions">
      <FIELDS>
        <FIELD NAME="id" TYPE="int" LENGTH="10" NOTNULL="true" UNSIGNED="true" SEQUENCE="true" ENUM="false" NEXT="course"/>
        <FIELD NAME="course" TYPE="int" LENGTH="10" NOTNULL="true" UNSIGNED="true" DEFAULT="0" SEQUENCE="false" ENUM="false" COMMENT="Course hotquestion activity belongs to" PREVIOUS="id" NEXT="name"/>
        <FIELD NAME="name" TYPE="char" LENGTH="255" NOTNULL="true" SEQUENCE="false" ENUM="false" COMMENT="name field for moodle instances" PREVIOUS="course" NEXT="intro"/>
        <FIELD NAME="intro" TYPE="text" LENGTH="medium" NOTNULL="false" SEQUENCE="false" ENUM="false" COMMENT="General introduction of the hotquestion activity" PREVIOUS="name" NEXT="introformat"/>
        <FIELD NAME="introformat" TYPE="int" LENGTH="4" NOTNULL="true" UNSIGNED="true" DEFAULT="0" SEQUENCE="false" ENUM="false" COMMENT="Format of the intro field (MOODLE, HTML, MARKDOWN...)" PREVIOUS="intro" NEXT="timecreated"/>
        <FIELD NAME="timecreated" TYPE="int" LENGTH="10" NOTNULL="true" UNSIGNED="true" DEFAULT="0" SEQUENCE="false" ENUM="false" PREVIOUS="introformat" NEXT="timemodified"/>
        <FIELD NAME="timemodified" TYPE="int" LENGTH="10" NOTNULL="true" UNSIGNED="true" DEFAULT="0" SEQUENCE="false" ENUM="false" PREVIOUS="timecreated" NEXT="anonymouspost"/>
        <FIELD NAME="anonymouspost" TYPE="int" LENGTH="4" NOTNULL="true" UNSIGNED="true" DEFAULT="1" SEQUENCE="false" ENUM="false" PREVIOUS="timemodified"/>
      </FIELDS>
      <KEYS>
        <KEY NAME="primary" TYPE="primary" FIELDS="id"/>
      </KEYS>
      <INDEXES>
        <INDEX NAME="course" UNIQUE="false" FIELDS="course"/>
      </INDEXES>
    </TABLE>
    <TABLE NAME="hotquestion_questions" COMMENT="The questions that students submit." PREVIOUS="hotquestion" NEXT="hotquestion_votes">
      <FIELDS>
        <FIELD NAME="id" TYPE="int" LENGTH="10" NOTNULL="true" UNSIGNED="true" SEQUENCE="true" ENUM="false" NEXT="hotquestion"/>
        <FIELD NAME="hotquestion" TYPE="int" LENGTH="10" NOTNULL="true" UNSIGNED="true" DEFAULT="0" SEQUENCE="false" ENUM="false" COMMENT="The ID of the &quot;hotquestion&quot; that this question belongs to." PREVIOUS="id" NEXT="content"/>
        <FIELD NAME="content" TYPE="text" LENGTH="small" NOTNULL="true" SEQUENCE="false" ENUM="false" COMMENT="The question content." PREVIOUS="hotquestion" NEXT="userid"/>
        <FIELD NAME="userid" TYPE="int" LENGTH="10" NOTNULL="true" UNSIGNED="true" SEQUENCE="false" ENUM="false" PREVIOUS="content" NEXT="time"/>
        <FIELD NAME="time" TYPE="int" LENGTH="10" NOTNULL="true" UNSIGNED="true" SEQUENCE="false" ENUM="false" PREVIOUS="userid" NEXT="anonymous"/>
        <FIELD NAME="anonymous" TYPE="int" LENGTH="4" NOTNULL="true" UNSIGNED="true" DEFAULT="0" SEQUENCE="false" ENUM="false" PREVIOUS="time"/>
      </FIELDS>
      <KEYS>
        <KEY NAME="primary" TYPE="primary" FIELDS="id" NEXT="hotquestion"/>
        <KEY NAME="hotquestion" TYPE="foreign" FIELDS="hotquestion" REFTABLE="hotquestion" REFFIELDS="id" PREVIOUS="primary"/>
      </KEYS>
      <INDEXES>
        <INDEX NAME="time" UNIQUE="false" FIELDS="time"/>
      </INDEXES>
    </TABLE>
    <TABLE NAME="hotquestion_votes" COMMENT="Record who votes to this question." PREVIOUS="hotquestion_questions" NEXT="hotquestion_rounds">
      <FIELDS>
        <FIELD NAME="id" TYPE="int" LENGTH="10" NOTNULL="true" UNSIGNED="true" SEQUENCE="true" ENUM="false" NEXT="question"/>
        <FIELD NAME="question" TYPE="int" LENGTH="10" NOTNULL="true" UNSIGNED="true" SEQUENCE="false" ENUM="false" COMMENT="ID of questions" PREVIOUS="id" NEXT="voter"/>
        <FIELD NAME="voter" TYPE="int" LENGTH="10" NOTNULL="true" UNSIGNED="true" SEQUENCE="false" ENUM="false" COMMENT="The id of the voter who votes to this question." PREVIOUS="question"/>
      </FIELDS>
      <KEYS>
        <KEY NAME="primary" TYPE="primary" FIELDS="id" NEXT="question"/>
        <KEY NAME="question" TYPE="foreign" FIELDS="question" REFTABLE="hotquestion_questions" REFFIELDS="id" PREVIOUS="primary"/>
      </KEYS>
      <INDEXES>
        <INDEX NAME="voter" UNIQUE="false" FIELDS="voter"/>
      </INDEXES>
    </TABLE>
    <TABLE NAME="hotquestion_rounds" COMMENT="Vote window interval" PREVIOUS="hotquestion_votes">
      <FIELDS>
        <FIELD NAME="id" TYPE="int" LENGTH="10" NOTNULL="true" UNSIGNED="true" SEQUENCE="true" ENUM="false" NEXT="hotquestion"/>
        <FIELD NAME="hotquestion" TYPE="int" LENGTH="10" NOTNULL="true" UNSIGNED="true" SEQUENCE="false" ENUM="false" PREVIOUS="id" NEXT="starttime"/>
        <FIELD NAME="starttime" TYPE="int" LENGTH="10" NOTNULL="true" UNSIGNED="true" SEQUENCE="false" ENUM="false" PREVIOUS="hotquestion" NEXT="endtime"/>
        <FIELD NAME="endtime" TYPE="int" LENGTH="10" NOTNULL="true" UNSIGNED="true" DEFAULT="0" SEQUENCE="false" ENUM="false" PREVIOUS="starttime"/>
      </FIELDS>
      <KEYS>
        <KEY NAME="primary" TYPE="primary" FIELDS="id" NEXT="hotquestion"/>
        <KEY NAME="hotquestion" TYPE="foreign" FIELDS="hotquestion" REFTABLE="hotquestion" REFFIELDS="id" PREVIOUS="primary"/>
      </KEYS>
      <INDEXES>
        <INDEX NAME="starttime" UNIQUE="false" FIELDS="starttime"/>
      </INDEXES>
    </TABLE>
  </TABLES>
</XMLDB>
