<?xml version="1.0" encoding="UTF-8" ?>
<XMLDB PATH="mod/bigbluebutton/db" VERSION="2011020401" COMMENT="XMLDB file for Moodle mod/bigbluebutton"
    xmlns:xsi="http://www.w3.org/2001/XMLSchema-instance"
    xsi:noNamespaceSchemaLocation="../../../lib/xmldb/xmldb.xsd"
>
  <TABLES>
    <TABLE NAME="bigbluebutton" COMMENT="Each of these is a Web conference room.">
      <FIELDS>
        <FIELD NAME="id" TYPE="int" LENGTH="10" NOTNULL="true" UNSIGNED="true" SEQUENCE="true" ENUM="false" NEXT="course"/>
        <FIELD NAME="course" TYPE="int" LENGTH="10" NOTNULL="true" UNSIGNED="true" DEFAULT="0" SEQUENCE="false" ENUM="false" PREVIOUS="id" NEXT="name"/>
        <FIELD NAME="name" TYPE="char" LENGTH="255" NOTNULL="true" SEQUENCE="false" ENUM="false" PREVIOUS="course" NEXT="meetingname"/>
		<FIELD NAME="meetingname" TYPE="char" LENGTH="255" NOTNULL="true" SEQUENCE="false" ENUM="false" PREVIOUS="name" NEXT="meetingid"/>
        <FIELD NAME="meetingid" TYPE="char" LENGTH="255" NOTNULL="true" SEQUENCE="false" ENUM="false" PREVIOUS="meetingname" NEXT="attendeepw"/>
        <FIELD NAME="attendeepw" TYPE="char" LENGTH="255" NOTNULL="true" SEQUENCE="false" ENUM="false" PREVIOUS="meetingid" NEXT="moderatorpw"/>
        <FIELD NAME="moderatorpw" TYPE="char" LENGTH="255" NOTNULL="true" SEQUENCE="false" ENUM="false" PREVIOUS="attendeepw" NEXT="autologin"/>
	    <FIELD NAME="autologin" TYPE="char" LENGTH="255" NOTNULL="true" SEQUENCE="false" ENUM="false" PREVIOUS="moderatorpw" NEXT="newwindow"/>
		<FIELD NAME="newwindow" TYPE="char" LENGTH="255" NOTNULL="true" SEQUENCE="false" ENUM="false" PREVIOUS="autologin" NEXT="welcomemsg"/>
		<FIELD NAME="welcomemsg" TYPE="char" LENGTH="255" NOTNULL="true" SEQUENCE="false" ENUM="false" PREVIOUS="newwindow"/>
      </FIELDS>
      <KEYS>
        <KEY NAME="primary" TYPE="primary" FIELDS="id" COMMENT="Primary key for bigbluebutton"/>
      </KEYS>
      <INDEXES>
        <INDEX NAME="course" UNIQUE="false" FIELDS="course"/>
      </INDEXES>
    </TABLE>    
  </TABLES>  
</XMLDB>