<?xml version="1.0" encoding="UTF-8" ?>
<XMLDB PATH="course/format/moonstone/db" VERSION="20120526" COMMENT="XMLDB file for Moodle course/format/moonstone"
    xmlns:xsi="http://www.w3.org/2001/XMLSchema-instance"
    xsi:noNamespaceSchemaLocation="../../../../lib/xmldb/xmldb.xsd"
>
  <TABLES>
    <TABLE NAME="format_moonstone_settings" COMMENT="States the settings used with the given course.">
      <FIELDS>
        <FIELD NAME="id" TYPE="int" LENGTH="10" NOTNULL="true" UNSIGNED="false" SEQUENCE="true" NEXT="courseid"/>
        <FIELD NAME="courseid" TYPE="int" LENGTH="10" NOTNULL="true" UNSIGNED="false" SEQUENCE="false" PREVIOUS="id" NEXT="layoutelement"/>
        <FIELD NAME="layoutelement" TYPE="int" LENGTH="2" NOTNULL="true" UNSIGNED="false" DEFAULT="1" SEQUENCE="false" PREVIOUS="courseid" NEXT="layoutstructure"/>
        <FIELD NAME="layoutstructure" TYPE="int" LENGTH="1" NOTNULL="true" UNSIGNED="false" DEFAULT="1" SEQUENCE="false" PREVIOUS="layoutelement" NEXT="layoutcolumns"/>
        <FIELD NAME="layoutcolumns" TYPE="int" LENGTH="1" NOTNULL="true" UNSIGNED="false" DEFAULT="1" SEQUENCE="false" PREVIOUS="layoutstructure" NEXT="tgfgcolour"/>
        <FIELD NAME="tgfgcolour" TYPE="char" LENGTH="6" NOTNULL="true" DEFAULT="000000" SEQUENCE="false" PREVIOUS="layoutcolumns" NEXT="tgbgcolour"/>
        <FIELD NAME="tgbgcolour" TYPE="char" LENGTH="6" NOTNULL="true" DEFAULT="e2e2f2" SEQUENCE="false" PREVIOUS="tgfgcolour" NEXT="tgbghvrcolour"/>
        <FIELD NAME="tgbghvrcolour" TYPE="char" LENGTH="6" NOTNULL="true" DEFAULT="eeeeff" SEQUENCE="false" PREVIOUS="tgbgcolour"/>
      </FIELDS>
      <KEYS>
        <KEY NAME="primary" TYPE="primary" FIELDS="id"/>
      </KEYS>
    </TABLE>
  </TABLES>
</XMLDB>