<?xml version="1.0" encoding="UTF-8" ?>
<XMLDB PATH="blocks/roomscheduler/db" VERSION="20110314" COMMENT="XMLDB file for Moodle blocks/roomscheduler"
    xmlns:xsi="http://www.w3.org/2001/XMLSchema-instance"
    xsi:noNamespaceSchemaLocation="../../../lib/xmldb/xmldb.xsd"
>
  <TABLES>
    <TABLE NAME="roomscheduler_rooms" COMMENT="Rooms for reservation" NEXT="roomscheduler_reservations">
      <FIELDS>
        <FIELD NAME="id" TYPE="int" LENGTH="10" NOTNULL="true" UNSIGNED="true" SEQUENCE="true" NEXT="name"/>
        <FIELD NAME="name" TYPE="char" LENGTH="255" NOTNULL="true" SEQUENCE="false" PREVIOUS="id" NEXT="resources"/>
        <FIELD NAME="resources" TYPE="text" LENGTH="medium" NOTNULL="false" SEQUENCE="false" PREVIOUS="name" NEXT="active"/>
        <FIELD NAME="active" TYPE="int" LENGTH="1" NOTNULL="true" UNSIGNED="false" DEFAULT="1" SEQUENCE="false" PREVIOUS="resources" NEXT="reservable"/>
        <FIELD NAME="reservable" TYPE="int" LENGTH="1" NOTNULL="true" UNSIGNED="false" DEFAULT="1" SEQUENCE="false" PREVIOUS="active"/>
      </FIELDS>
      <KEYS>
        <KEY NAME="primary" TYPE="primary" FIELDS="id"/>
      </KEYS>
    </TABLE>
    <TABLE NAME="roomscheduler_reservations" COMMENT="Reservations for roomscheduler block" PREVIOUS="roomscheduler_rooms">
      <FIELDS>
        <FIELD NAME="id" TYPE="int" LENGTH="10" NOTNULL="true" UNSIGNED="true" SEQUENCE="true" NEXT="subject"/>
        <FIELD NAME="subject" TYPE="char" LENGTH="255" NOTNULL="true" SEQUENCE="false" PREVIOUS="id" NEXT="startdate"/>
        <FIELD NAME="startdate" TYPE="int" LENGTH="20" NOTNULL="true" UNSIGNED="false" SEQUENCE="false" PREVIOUS="subject" NEXT="enddate"/>
        <FIELD NAME="enddate" TYPE="int" LENGTH="20" NOTNULL="true" UNSIGNED="false" SEQUENCE="false" PREVIOUS="startdate" NEXT="alldayevent"/>
        <FIELD NAME="alldayevent" TYPE="int" LENGTH="1" NOTNULL="true" UNSIGNED="false" DEFAULT="0" SEQUENCE="false" COMMENT="0=no, 1=yes" PREVIOUS="enddate" NEXT="meetingorganizer"/>
        <FIELD NAME="meetingorganizer" TYPE="int" LENGTH="20" NOTNULL="true" UNSIGNED="false" DEFAULT="0" SEQUENCE="false" COMMENT="idnumber from user table" PREVIOUS="alldayevent" NEXT="categories"/>
        <FIELD NAME="categories" TYPE="char" LENGTH="255" NOTNULL="false" SEQUENCE="false" PREVIOUS="meetingorganizer" NEXT="description"/>
        <FIELD NAME="description" TYPE="text" LENGTH="medium" NOTNULL="false" SEQUENCE="false" PREVIOUS="categories" NEXT="location"/>
        <FIELD NAME="location" TYPE="int" LENGTH="20" NOTNULL="true" UNSIGNED="false" SEQUENCE="false" COMMENT="From roomscheduler_rooms" PREVIOUS="description" NEXT="active"/>
        <FIELD NAME="active" TYPE="int" LENGTH="1" NOTNULL="true" UNSIGNED="false" DEFAULT="1" SEQUENCE="false" PREVIOUS="location" NEXT="confirm"/>
        <FIELD NAME="confirm" TYPE="int" LENGTH="1" NOTNULL="true" UNSIGNED="false" DEFAULT="0" SEQUENCE="false" COMMENT="0=pending; 1=denied; 2=confirmed" PREVIOUS="active" NEXT="recurrence_id"/>
        <FIELD NAME="recurrence_id" TYPE="int" LENGTH="20" NOTNULL="true" UNSIGNED="false" DEFAULT="0" SEQUENCE="false" PREVIOUS="confirm"/>
      </FIELDS>
      <KEYS>
        <KEY NAME="primary" TYPE="primary" FIELDS="id"/>
      </KEYS>
    </TABLE>
  </TABLES>
</XMLDB>