<?xml version="1.0" encoding="UTF-8" ?>
<XMLDB PATH="blocks/configurable_reports/db" VERSION="2012040600" COMMENT="XMLDB file for Moodle blocks/configurable_reports"
    xmlns:xsi="http://www.w3.org/2001/XMLSchema-instance"
    xsi:noNamespaceSchemaLocation="../../../lib/xmldb/xmldb.xsd"
>
  <TABLES>
    <TABLE NAME="block_cr_report" COMMENT="Report configuration" NEXT="block_cr_component">
      <FIELDS>
        <FIELD NAME="id" TYPE="int" LENGTH="10" NOTNULL="true" UNSIGNED="true" SEQUENCE="true"  NEXT="contextid"/>
        <FIELD NAME="contextid" TYPE="int" LENGTH="10" NOTNULL="false" UNSIGNED="true" SEQUENCE="false"  PREVIOUS="id" NEXT="ownerid"/>
        <FIELD NAME="ownerid" TYPE="int" LENGTH="10" NOTNULL="true" UNSIGNED="true" SEQUENCE="false"  PREVIOUS="contextid" NEXT="visible"/>
        <FIELD NAME="visible" TYPE="int" LENGTH="4" NOTNULL="true" UNSIGNED="true" SEQUENCE="false"  PREVIOUS="ownerid" NEXT="name"/>
        <FIELD NAME="name" TYPE="char" LENGTH="128" NOTNULL="true" SEQUENCE="false"  PREVIOUS="visible" NEXT="summary"/>
        <FIELD NAME="summary" TYPE="text" LENGTH="small" NOTNULL="false" SEQUENCE="false"  PREVIOUS="name" NEXT="type"/>
        <FIELD NAME="type" TYPE="char" LENGTH="128" NOTNULL="true" SEQUENCE="false"  PREVIOUS="summary" NEXT="pagination"/>
		<FIELD NAME="pagination" TYPE="int" LENGTH="4" NOTNULL="false" UNSIGNED="true" SEQUENCE="false"  PREVIOUS="type"/>
      </FIELDS>
      <KEYS>
        <KEY NAME="primary" TYPE="primary" FIELDS="id" NEXT="context"/>
        <KEY NAME="context"  TYPE="foreign" FIELDS="contextid" REFTABLE="context" REFFIELDS="id" PREVIOUS="primary" NEXT="owner"/>
        <KEY NAME="owner"   TYPE="foreign" FIELDS="ownerid" REFTABLE="user" REFFIELDS="id" PREVIOUS="context"/>
      </KEYS>
    </TABLE>
    <TABLE NAME="block_cr_component" COMMENT="Report component configuration" PREVIOUS="block_cr_report" NEXT="block_cr_plugin">
      <FIELDS>
        <FIELD NAME="id" TYPE="int" LENGTH="10" NOTNULL="true" UNSIGNED="true" SEQUENCE="true"  NEXT="reportid"/>
        <FIELD NAME="reportid" TYPE="int" LENGTH="10" NOTNULL="true" UNSIGNED="true" SEQUENCE="false"  PREVIOUS="id" NEXT="component"/>
        <FIELD NAME="component" TYPE="char" LENGTH="128" NOTNULL="true" SEQUENCE="false"  PREVIOUS="reportid" NEXT="configdata"/>
        <FIELD NAME="configdata" TYPE="text" LENGTH="small" NOTNULL="false" SEQUENCE="false" PREVIOUS="component" COMMENT="A serialized blob of configuration data for this report plugin."/>
      </FIELDS>
      <KEYS>
        <KEY NAME="primary" TYPE="primary" FIELDS="id" NEXT="report"/>
        <KEY NAME="report"  TYPE="foreign" FIELDS="reportid" REFTABLE="block_cr_report" REFFIELDS="id" PREVIOUS="primary"/>
      </KEYS>
    </TABLE>
    <TABLE NAME="block_cr_plugin" COMMENT="Report plugin configuration" PREVIOUS="block_cr_component">
      <FIELDS>
        <FIELD NAME="id" TYPE="int" LENGTH="10" NOTNULL="true" UNSIGNED="true" SEQUENCE="true"  NEXT="reportid"/>
        <FIELD NAME="reportid" TYPE="int" LENGTH="10" NOTNULL="true" UNSIGNED="true" SEQUENCE="false"  PREVIOUS="id" NEXT="component"/>
        <FIELD NAME="component" TYPE="char" LENGTH="128" NOTNULL="true" SEQUENCE="false"  PREVIOUS="reportid" NEXT="plugin"/>
        <FIELD NAME="plugin" TYPE="char" LENGTH="128" NOTNULL="true" SEQUENCE="false"  PREVIOUS="component" NEXT="sortorder"/>
        <FIELD NAME="sortorder" TYPE="int" LENGTH="10" NOTNULL="true" UNSIGNED="true" DEFAULT="0" SEQUENCE="false" PREVIOUS="plugin" NEXT="name"/>
        <FIELD NAME="name" TYPE="text" LENGTH="small" NOTNULL="false" SEQUENCE="false"  PREVIOUS="sortorder" NEXT="summary"/>
        <FIELD NAME="summary" TYPE="text" LENGTH="small" NOTNULL="false" SEQUENCE="false"  PREVIOUS="name" NEXT="configdata"/>
        <FIELD NAME="configdata" TYPE="text" LENGTH="small" NOTNULL="false" SEQUENCE="false" PREVIOUS="summary" COMMENT="A serialized blob of configuration data for this report plugin."/>
      </FIELDS>
      <KEYS>
        <KEY NAME="primary" TYPE="primary" FIELDS="id" NEXT="report"/>
        <KEY NAME="report"  TYPE="foreign" FIELDS="reportid" REFTABLE="block_cr_report" REFFIELDS="id" PREVIOUS="primary"/>
      </KEYS>
    </TABLE>
  </TABLES>
</XMLDB>