<?xml version="1.0" encoding="UTF-8" ?>
<XMLDB PATH="mod/etherpad/db" VERSION="20080301" COMMENT="XMLDB file for Moodle mod/etherpad">
  <TABLES>
    <TABLE NAME="etherpad" COMMENT="Etherpad">
      <FIELDS>
        <FIELD NAME="id" TYPE="int" LENGTH="10" NOTNULL="true" UNSIGNED="true" SEQUENCE="true" ENUM="false" NEXT="course"/>
        <FIELD NAME="course" TYPE="int" LENGTH="10" NOTNULL="true" UNSIGNED="true" DEFAULT="0" SEQUENCE="false" ENUM="false" PREVIOUS="id" NEXT="name"/>
        <FIELD NAME="name" TYPE="char" LENGTH="255" NOTNULL="true" SEQUENCE="false" ENUM="false" PREVIOUS="course" NEXT="padname"/>
        <FIELD NAME="padname" TYPE="char" LENGTH="255" NOTNULL="true" SEQUENCE="false" ENUM="false" PREVIOUS="name" NEXT="intro"/>
        <FIELD NAME="intro" TYPE="text" LENGTH="small" NOTNULL="true" SEQUENCE="false" ENUM="false" PREVIOUS="padname" NEXT="introformat"/>
        <FIELD NAME="introformat" TYPE="int" LENGTH="10" NOTNULL="false" UNSIGNED="true" DEFAULT="1" SEQUENCE="false" ENUM="false" PREVIOUS="intro" NEXT="timemodified"/>
        <FIELD NAME="timemodified" TYPE="int" LENGTH="10" NOTNULL="true" UNSIGNED="true" DEFAULT="0" SEQUENCE="false" ENUM="false" PREVIOUS="introformat" />
      </FIELDS>
      <KEYS>
        <KEY NAME="primary" TYPE="primary" FIELDS="id" />
      </KEYS>
    </TABLE>
  </TABLES>
</XMLDB>