<?xml version="1.0" encoding="UTF-8" ?>
<XMLDB PATH="course/format/grid/db" VERSION="20110418" COMMENT="XMLDB file for Moodle course/format/grid"
    xmlns:xsi="http://www.w3.org/2001/XMLSchema-instance"
    xsi:noNamespaceSchemaLocation="../../../../lib/xmldb/xmldb.xsd"
>
  <TABLES>
    <TABLE NAME="format_grid_icon" COMMENT="Icon images for each topic, used by the grid course format" NEXT="format_grid_summary">
      <FIELDS>
        <FIELD NAME="id" TYPE="int" LENGTH="10" NOTNULL="true" UNSIGNED="true" SEQUENCE="true" ENUM="false" NEXT="imagepath"/>
        <FIELD NAME="imagepath" TYPE="text" LENGTH="small" NOTNULL="false" SEQUENCE="false" ENUM="false" PREVIOUS="id" NEXT="sectionid"/>
        <FIELD NAME="sectionid" TYPE="int" LENGTH="10" NOTNULL="true" UNSIGNED="true" SEQUENCE="false" ENUM="false" PREVIOUS="imagepath"/>
      </FIELDS>
      <KEYS>
        <KEY NAME="primary" TYPE="primary" FIELDS="id"/>
      </KEYS>
      <INDEXES>
        <INDEX NAME="section" UNIQUE="true" FIELDS="sectionid"/>
      </INDEXES>
    </TABLE>
    <TABLE NAME="format_grid_summary" COMMENT="A table to hold a single flag on whether to show section 0 above the grid or in the grid" PREVIOUS="format_grid_icon">
      <FIELDS>
        <FIELD NAME="id" TYPE="int" LENGTH="10" NOTNULL="true" UNSIGNED="true" SEQUENCE="true" ENUM="false" NEXT="show_summary"/>
        <FIELD NAME="show_summary" TYPE="int" LENGTH="1" NOTNULL="true" UNSIGNED="true" SEQUENCE="false" ENUM="false" COMMENT="Flag whether the course administrator wants section 0 to be shown or hidden in the grid" PREVIOUS="id" NEXT="course_id"/>
        <FIELD NAME="course_id" TYPE="int" LENGTH="10" NOTNULL="true" UNSIGNED="true" SEQUENCE="false" ENUM="false" PREVIOUS="show_summary"/>
      </FIELDS>
      <KEYS>
        <KEY NAME="primary" TYPE="primary" FIELDS="id"/>
      </KEYS>
    </TABLE>
  </TABLES>
</XMLDB>