<?xml version="1.0" encoding="UTF-8" ?><!-- $Id: install.xml,v 1.4 2009/11/30 09:17:22 akiococom Exp $ -->
<XMLDB PATH="blocks/sharing_cart/db" VERSION="2009040600" COMMENT="XMLDB file for Moodle sharing cart"
    xmlns:xsi="http://www.w3.org/2001/XMLSchema-instance"
    xsi:noNamespaceSchemaLocation="../../../lib/xmldb/xmldb.xsd"
>
  <TABLES>
    <TABLE NAME="sharing_cart" COMMENT="table to store sharing data" NEXT="sharing_cart_plugins">
      <FIELDS>
        <FIELD NAME="id" TYPE="int" LENGTH="10" NOTNULL="true" UNSIGNED="true" SEQUENCE="true" ENUM="false" NEXT="userid"/>
        <FIELD NAME="userid" TYPE="int" LENGTH="10" NOTNULL="true" DEFAULT="0" SEQUENCE="false" ENUM="false" PREVIOUS="id" NEXT="name"/>
        <FIELD NAME="name" TYPE="char" LENGTH="32" NOTNULL="true" DEFAULT="" SEQUENCE="false" ENUM="false" PREVIOUS="userid" NEXT="icon"/>
        <FIELD NAME="icon" TYPE="char" LENGTH="32" NOTNULL="true" DEFAULT="" SEQUENCE="false" ENUM="false" PREVIOUS="name" NEXT="text"/>
        <FIELD NAME="text" TYPE="char" LENGTH="255" NOTNULL="true" DEFAULT="" SEQUENCE="false" ENUM="false" PREVIOUS="icon" NEXT="time"/>
        <FIELD NAME="time" TYPE="int" LENGTH="10" NOTNULL="true" DEFAULT="0" SEQUENCE="false" ENUM="false" PREVIOUS="text" NEXT="contextid"/>
        <FIELD NAME="contextid" TYPE="int" LENGTH="10" NOTNULL="true" SEQUENCE="false" COMMENT="context id" PREVIOUS="time" NEXT="fileid"/>
        <FIELD NAME="fileid" TYPE="int" LENGTH="10" NOTNULL="true" SEQUENCE="false" COMMENT="file id" PREVIOUS="contextid" NEXT="tree"/>
        <FIELD NAME="tree" TYPE="char" LENGTH="255" NOTNULL="true" DEFAULT="" SEQUENCE="false" ENUM="false" PREVIOUS="fileid" NEXT="sort"/>
        <FIELD NAME="sort" TYPE="int" LENGTH="10" NOTNULL="true" DEFAULT="0" SEQUENCE="false" ENUM="false" PREVIOUS="tree"/>
      </FIELDS>
      <KEYS>
        <KEY NAME="primary" TYPE="primary" FIELDS="id" />
      </KEYS>
    </TABLE>
    
    <TABLE NAME="sharing_cart_plugins" COMMENT="table to store sharing cart plugins data" PREVIOUS="sharing_cart">
      <FIELDS>
        <FIELD NAME="id" TYPE="int" LENGTH="10" NOTNULL="true" UNSIGNED="true" SEQUENCE="true" ENUM="false" NEXT="plugin"/>
        <FIELD NAME="plugin" TYPE="char" LENGTH="32" NOTNULL="true" DEFAULT="" SEQUENCE="false" ENUM="false" PREVIOUS="id" NEXT="user"/>
        <FIELD NAME="user" TYPE="int" LENGTH="10" NOTNULL="true" DEFAULT="0" SEQUENCE="false" ENUM="false" PREVIOUS="plugin" NEXT="data"/>
        <FIELD NAME="data" TYPE="text" NOTNULL="true" DEFAULT="" SEQUENCE="false" ENUM="false" PREVIOUS="user"/>
      </FIELDS>
      <KEYS>
        <KEY NAME="primary" TYPE="primary" FIELDS="id" />
      </KEYS>
    </TABLE>
  </TABLES>
</XMLDB>
